DateTime,State,Fuel Type,Supply
30/07/2022 00:00,NSW,Battery,526.339
30/07/2022 00:00,NSW,Black coal,796231
30/07/2022 00:00,NSW,Gas,25571.898
30/07/2022 00:00,NSW,Hydro,60824.819
30/07/2022 00:00,NSW,Liquid Fuel,0
30/07/2022 00:00,NSW,Solar,66833.979
30/07/2022 00:00,NSW,Wind,203909.243
30/07/2022 00:00,QLD,Battery,921.681
30/07/2022 00:00,QLD,Biomass,4531.875
30/07/2022 00:00,QLD,Black coal,808768.335
30/07/2022 00:00,QLD,Gas,111344.906
30/07/2022 00:00,QLD,Hydro,26263.105
30/07/2022 00:00,QLD,Liquid Fuel,0
30/07/2022 00:00,QLD,Solar,63573.372
30/07/2022 00:00,QLD,Wind,36996.452
30/07/2022 00:00,SA,Battery,1900.123
30/07/2022 00:00,SA,Gas,37156.178
30/07/2022 00:00,SA,Liquid Fuel,86.031
30/07/2022 00:00,SA,Solar,8300.521
30/07/2022 00:00,SA,Wind,228397.515
30/07/2022 00:00,TAS,Gas,181.872
30/07/2022 00:00,TAS,Hydro,154979.617
30/07/2022 00:00,TAS,Wind,58696.56
30/07/2022 00:00,VIC,Battery,3857.086
30/07/2022 00:00,VIC,Brown coal,580278.723
30/07/2022 00:00,VIC,Gas,20769.403
30/07/2022 00:00,VIC,Hydro,57331.618
30/07/2022 00:00,VIC,Solar,18595.357
30/07/2022 00:00,VIC,Wind,349613.438
06/08/2022 00:00,NSW,Battery,421.738
06/08/2022 00:00,NSW,Black coal,954447.776
06/08/2022 00:00,NSW,Gas,39240.013
06/08/2022 00:00,NSW,Hydro,64966.883
06/08/2022 00:00,NSW,Liquid Fuel,7.625
06/08/2022 00:00,NSW,Solar,73406.096
06/08/2022 00:00,NSW,Wind,81365.487
06/08/2022 00:00,QLD,Battery,906.928
06/08/2022 00:00,QLD,Biomass,6303.117
06/08/2022 00:00,QLD,Black coal,843923.152
06/08/2022 00:00,QLD,Gas,123173.616
06/08/2022 00:00,QLD,Hydro,20801.753
06/08/2022 00:00,QLD,Liquid Fuel,0
06/08/2022 00:00,QLD,Solar,70709.723
06/08/2022 00:00,QLD,Wind,38931.468
06/08/2022 00:00,SA,Battery,1776.247
06/08/2022 00:00,SA,Gas,93853.308
06/08/2022 00:00,SA,Liquid Fuel,944.328
06/08/2022 00:00,SA,Solar,12392.084
06/08/2022 00:00,SA,Wind,160251.758
06/08/2022 00:00,TAS,Gas,2355.643
06/08/2022 00:00,TAS,Hydro,197270.144
06/08/2022 00:00,TAS,Wind,18626.27
06/08/2022 00:00,VIC,Battery,4738.344
06/08/2022 00:00,VIC,Brown coal,646940.755
06/08/2022 00:00,VIC,Gas,81057.697
06/08/2022 00:00,VIC,Hydro,96908.652
06/08/2022 00:00,VIC,Solar,21522.757
06/08/2022 00:00,VIC,Wind,148799.924
13/08/2022 00:00,NSW,Battery,324.566
13/08/2022 00:00,NSW,Black coal,872253.694
13/08/2022 00:00,NSW,Gas,23909.321
13/08/2022 00:00,NSW,Hydro,30882.585
13/08/2022 00:00,NSW,Liquid Fuel,4.358
13/08/2022 00:00,NSW,Solar,70861.497
13/08/2022 00:00,NSW,Wind,161759.855
13/08/2022 00:00,QLD,Battery,976.158
13/08/2022 00:00,QLD,Biomass,5662.5
13/08/2022 00:00,QLD,Black coal,811995.049
13/08/2022 00:00,QLD,Gas,98908.323
13/08/2022 00:00,QLD,Hydro,23963.818
13/08/2022 00:00,QLD,Liquid Fuel,0
13/08/2022 00:00,QLD,Solar,72721.075
13/08/2022 00:00,QLD,Wind,25992.262
13/08/2022 00:00,SA,Battery,1802.556
13/08/2022 00:00,SA,Gas,72792.493
13/08/2022 00:00,SA,Liquid Fuel,470.996
13/08/2022 00:00,SA,Solar,9944.558
13/08/2022 00:00,SA,Wind,153022.966
13/08/2022 00:00,TAS,Gas,5003.767
13/08/2022 00:00,TAS,Hydro,165297.456
13/08/2022 00:00,TAS,Wind,46548.565
13/08/2022 00:00,VIC,Battery,4243.746
13/08/2022 00:00,VIC,Brown coal,536184.112
13/08/2022 00:00,VIC,Gas,45461.93
13/08/2022 00:00,VIC,Hydro,85503.903
13/08/2022 00:00,VIC,Solar,20506.316
13/08/2022 00:00,VIC,Wind,315586.929
20/08/2022 00:00,NSW,Battery,362.766
20/08/2022 00:00,NSW,Black coal,873105.371
20/08/2022 00:00,NSW,Gas,26386.078
20/08/2022 00:00,NSW,Hydro,41183.803
20/08/2022 00:00,NSW,Liquid Fuel,3.575
20/08/2022 00:00,NSW,Solar,85400.79
20/08/2022 00:00,NSW,Wind,120463.733
20/08/2022 00:00,QLD,Battery,1003.431
20/08/2022 00:00,QLD,Biomass,5450.125
20/08/2022 00:00,QLD,Black coal,841461.226
20/08/2022 00:00,QLD,Gas,86676.706
20/08/2022 00:00,QLD,Hydro,21938.655
20/08/2022 00:00,QLD,Liquid Fuel,0
20/08/2022 00:00,QLD,Solar,81958.746
20/08/2022 00:00,QLD,Wind,53952.02
20/08/2022 00:00,SA,Battery,1754.418
20/08/2022 00:00,SA,Gas,111242.527
20/08/2022 00:00,SA,Liquid Fuel,1182.751
20/08/2022 00:00,SA,Solar,12418.796
20/08/2022 00:00,SA,Wind,105028.481
20/08/2022 00:00,TAS,Gas,5279.094
20/08/2022 00:00,TAS,Hydro,189973.632
20/08/2022 00:00,TAS,Wind,39332.883
20/08/2022 00:00,VIC,Battery,3547.937
20/08/2022 00:00,VIC,Brown coal,545136.374
20/08/2022 00:00,VIC,Gas,74320.105
20/08/2022 00:00,VIC,Hydro,107415.207
20/08/2022 00:00,VIC,Solar,27940.173
20/08/2022 00:00,VIC,Wind,198041.862
27/08/2022 00:00,NSW,Battery,209.857
27/08/2022 00:00,NSW,Black coal,807215.706
27/08/2022 00:00,NSW,Gas,24005.232
27/08/2022 00:00,NSW,Hydro,45761.419
27/08/2022 00:00,NSW,Liquid Fuel,0
27/08/2022 00:00,NSW,Solar,86776.075
27/08/2022 00:00,NSW,Wind,108458.109
27/08/2022 00:00,QLD,Battery,911.993
27/08/2022 00:00,QLD,Biomass,6523.225
27/08/2022 00:00,QLD,Black coal,861501.719
27/08/2022 00:00,QLD,Gas,74602.406
27/08/2022 00:00,QLD,Hydro,18907.677
27/08/2022 00:00,QLD,Liquid Fuel,210.048
27/08/2022 00:00,QLD,Solar,55759.059
27/08/2022 00:00,QLD,Wind,41492.082
27/08/2022 00:00,SA,Battery,2021.644
27/08/2022 00:00,SA,Gas,88418.019
27/08/2022 00:00,SA,Liquid Fuel,552.144
27/08/2022 00:00,SA,Solar,13083.81
27/08/2022 00:00,SA,Wind,142488.825
27/08/2022 00:00,TAS,Gas,1527.844
27/08/2022 00:00,TAS,Hydro,181562.437
27/08/2022 00:00,TAS,Wind,36126.817
27/08/2022 00:00,VIC,Battery,3527.765
27/08/2022 00:00,VIC,Brown coal,588165.63
27/08/2022 00:00,VIC,Gas,46779.091
27/08/2022 00:00,VIC,Hydro,89832.436
27/08/2022 00:00,VIC,Solar,31082.449
27/08/2022 00:00,VIC,Wind,203873.197
03/09/2022 00:00,NSW,Battery,373.094
03/09/2022 00:00,NSW,Black coal,741881.597
03/09/2022 00:00,NSW,Gas,39124.022
03/09/2022 00:00,NSW,Hydro,45679.85
03/09/2022 00:00,NSW,Liquid Fuel,0
03/09/2022 00:00,NSW,Solar,82739.382
03/09/2022 00:00,NSW,Wind,123319.261
03/09/2022 00:00,QLD,Battery,1099.247
03/09/2022 00:00,QLD,Biomass,6213.458
03/09/2022 00:00,QLD,Black coal,806458.461
03/09/2022 00:00,QLD,Gas,70257.135
03/09/2022 00:00,QLD,Hydro,25418.345
03/09/2022 00:00,QLD,Liquid Fuel,0
03/09/2022 00:00,QLD,Solar,77762.373
03/09/2022 00:00,QLD,Wind,40655.211
03/09/2022 00:00,SA,Battery,1662.278
03/09/2022 00:00,SA,Gas,74155.009
03/09/2022 00:00,SA,Liquid Fuel,1786.816
03/09/2022 00:00,SA,Solar,12491.166
03/09/2022 00:00,SA,Wind,144632.283
03/09/2022 00:00,TAS,Gas,1941.395
03/09/2022 00:00,TAS,Hydro,182927.465
03/09/2022 00:00,TAS,Wind,30740.298
03/09/2022 00:00,VIC,Battery,3671.953
03/09/2022 00:00,VIC,Brown coal,587639.132
03/09/2022 00:00,VIC,Gas,25702.149
03/09/2022 00:00,VIC,Hydro,101176.308
03/09/2022 00:00,VIC,Solar,26410.397
03/09/2022 00:00,VIC,Wind,226836.719
10/09/2022 00:00,NSW,Battery,462.611
10/09/2022 00:00,NSW,Black coal,729915.219
10/09/2022 00:00,NSW,Gas,19113.972
10/09/2022 00:00,NSW,Hydro,59277.275
10/09/2022 00:00,NSW,Liquid Fuel,0
10/09/2022 00:00,NSW,Solar,87654.492
10/09/2022 00:00,NSW,Wind,124560.404
10/09/2022 00:00,QLD,Battery,1130.253
10/09/2022 00:00,QLD,Biomass,5712.892
10/09/2022 00:00,QLD,Black coal,752219
10/09/2022 00:00,QLD,Gas,68625.797
10/09/2022 00:00,QLD,Hydro,27362.048
10/09/2022 00:00,QLD,Liquid Fuel,140.995
10/09/2022 00:00,QLD,Solar,87152.481
10/09/2022 00:00,QLD,Wind,38545.216
10/09/2022 00:00,SA,Battery,1801.413
10/09/2022 00:00,SA,Gas,64071.958
10/09/2022 00:00,SA,Liquid Fuel,218.785
10/09/2022 00:00,SA,Solar,10532.086
10/09/2022 00:00,SA,Wind,167296.552
10/09/2022 00:00,TAS,Gas,1374.132
10/09/2022 00:00,TAS,Hydro,174078.392
10/09/2022 00:00,TAS,Wind,43758.847
10/09/2022 00:00,VIC,Battery,3300.751
10/09/2022 00:00,VIC,Brown coal,600692.111
10/09/2022 00:00,VIC,Gas,11959.299
10/09/2022 00:00,VIC,Hydro,81263.185
10/09/2022 00:00,VIC,Solar,28035.863
10/09/2022 00:00,VIC,Wind,268236.669
17/09/2022 00:00,NSW,Battery,363.935
17/09/2022 00:00,NSW,Black coal,683861.099
17/09/2022 00:00,NSW,Gas,27514.561
17/09/2022 00:00,NSW,Hydro,45936.294
17/09/2022 00:00,NSW,Liquid Fuel,0
17/09/2022 00:00,NSW,Solar,80210.058
17/09/2022 00:00,NSW,Wind,121475.478
17/09/2022 00:00,QLD,Battery,758.731
17/09/2022 00:00,QLD,Biomass,6468.333
17/09/2022 00:00,QLD,Black coal,771044.158
17/09/2022 00:00,QLD,Gas,76338.47
17/09/2022 00:00,QLD,Hydro,25154.821
17/09/2022 00:00,QLD,Liquid Fuel,0
17/09/2022 00:00,QLD,Solar,94350.715
17/09/2022 00:00,QLD,Wind,32617.145
17/09/2022 00:00,SA,Battery,1496.008
17/09/2022 00:00,SA,Gas,59401.958
17/09/2022 00:00,SA,Liquid Fuel,356.983
17/09/2022 00:00,SA,Solar,14024.786
17/09/2022 00:00,SA,Wind,116882.844
17/09/2022 00:00,TAS,Gas,663.692
17/09/2022 00:00,TAS,Hydro,160799.54
17/09/2022 00:00,TAS,Wind,27637.937
17/09/2022 00:00,VIC,Battery,3266.921
17/09/2022 00:00,VIC,Brown coal,616975.375
17/09/2022 00:00,VIC,Gas,18032.38
17/09/2022 00:00,VIC,Hydro,84971.707
17/09/2022 00:00,VIC,Solar,27372.08
17/09/2022 00:00,VIC,Wind,176605.259
24/09/2022 00:00,NSW,Battery,290.649
24/09/2022 00:00,NSW,Black coal,742391.451
24/09/2022 00:00,NSW,Gas,13609.744
24/09/2022 00:00,NSW,Hydro,64237.693
24/09/2022 00:00,NSW,Liquid Fuel,8.817
24/09/2022 00:00,NSW,Solar,102435.385
24/09/2022 00:00,NSW,Wind,92365.419
24/09/2022 00:00,QLD,Battery,875.575
24/09/2022 00:00,QLD,Biomass,5944.025
24/09/2022 00:00,QLD,Black coal,789481.038
24/09/2022 00:00,QLD,Gas,72225.182
24/09/2022 00:00,QLD,Hydro,22727.297
24/09/2022 00:00,QLD,Liquid Fuel,0
24/09/2022 00:00,QLD,Solar,90568.869
24/09/2022 00:00,QLD,Wind,31730.681
24/09/2022 00:00,SA,Battery,1544.283
24/09/2022 00:00,SA,Gas,57896.096
24/09/2022 00:00,SA,Liquid Fuel,206.374
24/09/2022 00:00,SA,Solar,17454.086
24/09/2022 00:00,SA,Wind,98283.893
24/09/2022 00:00,TAS,Gas,4349.636
24/09/2022 00:00,TAS,Hydro,154357.378
24/09/2022 00:00,TAS,Wind,16009.028
24/09/2022 00:00,VIC,Battery,3197.971
24/09/2022 00:00,VIC,Brown coal,613858.298
24/09/2022 00:00,VIC,Gas,27910.842
24/09/2022 00:00,VIC,Hydro,75402.078
24/09/2022 00:00,VIC,Solar,27020.676
24/09/2022 00:00,VIC,Wind,171328.692
01/10/2022 00:00,NSW,Battery,376.54
01/10/2022 00:00,NSW,Black coal,707983.153
01/10/2022 00:00,NSW,Gas,33818.244
01/10/2022 00:00,NSW,Hydro,74923.314
01/10/2022 00:00,NSW,Liquid Fuel,3.3
01/10/2022 00:00,NSW,Solar,78535.88
01/10/2022 00:00,NSW,Wind,101754.439
01/10/2022 00:00,QLD,Battery,808.705
01/10/2022 00:00,QLD,Biomass,6889.15
01/10/2022 00:00,QLD,Black coal,804714.007
01/10/2022 00:00,QLD,Gas,75739.711
01/10/2022 00:00,QLD,Hydro,18894.801
01/10/2022 00:00,QLD,Liquid Fuel,0
01/10/2022 00:00,QLD,Solar,89005.197
01/10/2022 00:00,QLD,Wind,48810.274
01/10/2022 00:00,SA,Battery,1215.657
01/10/2022 00:00,SA,Gas,55007.244
01/10/2022 00:00,SA,Liquid Fuel,38.319
01/10/2022 00:00,SA,Solar,13009.88
01/10/2022 00:00,SA,Wind,115353.228
01/10/2022 00:00,TAS,Gas,6494.193
01/10/2022 00:00,TAS,Hydro,121880.12
01/10/2022 00:00,TAS,Wind,39353.977
01/10/2022 00:00,VIC,Battery,3198.861
01/10/2022 00:00,VIC,Brown coal,601748.485
01/10/2022 00:00,VIC,Gas,11705.955
01/10/2022 00:00,VIC,Hydro,76988.431
01/10/2022 00:00,VIC,Solar,20694.66
01/10/2022 00:00,VIC,Wind,195336.292
08/10/2022 00:00,NSW,Battery,378.806
08/10/2022 00:00,NSW,Black coal,736795.753
08/10/2022 00:00,NSW,Gas,40690.624
08/10/2022 00:00,NSW,Hydro,40594.561
08/10/2022 00:00,NSW,Liquid Fuel,1.8
08/10/2022 00:00,NSW,Solar,107779.86
08/10/2022 00:00,NSW,Wind,118379.393
08/10/2022 00:00,QLD,Battery,1048.744
08/10/2022 00:00,QLD,Biomass,5948.308
08/10/2022 00:00,QLD,Black coal,819255.184
08/10/2022 00:00,QLD,Gas,66839.657
08/10/2022 00:00,QLD,Hydro,18385.578
08/10/2022 00:00,QLD,Liquid Fuel,0
08/10/2022 00:00,QLD,Solar,88378.633
08/10/2022 00:00,QLD,Wind,46802.974
08/10/2022 00:00,SA,Battery,1584.45
08/10/2022 00:00,SA,Gas,74070.962
08/10/2022 00:00,SA,Liquid Fuel,115.121
08/10/2022 00:00,SA,Solar,13236.633
08/10/2022 00:00,SA,Wind,104757.543
08/10/2022 00:00,TAS,Gas,3502.653
08/10/2022 00:00,TAS,Hydro,153691.645
08/10/2022 00:00,TAS,Wind,31129.98
08/10/2022 00:00,VIC,Battery,3043.357
08/10/2022 00:00,VIC,Brown coal,589637.969
08/10/2022 00:00,VIC,Gas,17017.617
08/10/2022 00:00,VIC,Hydro,76402.161
08/10/2022 00:00,VIC,Solar,27593.479
08/10/2022 00:00,VIC,Wind,171684.157
15/10/2022 00:00,NSW,Battery,238.819
15/10/2022 00:00,NSW,Black coal,761038.854
15/10/2022 00:00,NSW,Gas,26222.549
15/10/2022 00:00,NSW,Hydro,51079.86
15/10/2022 00:00,NSW,Liquid Fuel,0
15/10/2022 00:00,NSW,Solar,94445.556
15/10/2022 00:00,NSW,Wind,96250.295
15/10/2022 00:00,QLD,Battery,806.231
15/10/2022 00:00,QLD,Biomass,5579.792
15/10/2022 00:00,QLD,Black coal,817527.67
15/10/2022 00:00,QLD,Gas,87664.058
15/10/2022 00:00,QLD,Hydro,11330.388
15/10/2022 00:00,QLD,Liquid Fuel,0
15/10/2022 00:00,QLD,Solar,71848.539
15/10/2022 00:00,QLD,Wind,46297.312
15/10/2022 00:00,SA,Battery,1388.232
15/10/2022 00:00,SA,Gas,59591.502
15/10/2022 00:00,SA,Liquid Fuel,36.951
15/10/2022 00:00,SA,Solar,12188.181
15/10/2022 00:00,SA,Wind,109227.888
15/10/2022 00:00,TAS,Gas,3603.046
15/10/2022 00:00,TAS,Hydro,165993.087
15/10/2022 00:00,TAS,Wind,13313.336
15/10/2022 00:00,VIC,Battery,3511.298
15/10/2022 00:00,VIC,Brown coal,598490.199
15/10/2022 00:00,VIC,Gas,9205.002
15/10/2022 00:00,VIC,Hydro,75381.212
15/10/2022 00:00,VIC,Solar,31615.294
15/10/2022 00:00,VIC,Wind,85007.051
22/10/2022 00:00,NSW,Battery,354.587
22/10/2022 00:00,NSW,Black coal,699535.066
22/10/2022 00:00,NSW,Gas,1797.3
22/10/2022 00:00,NSW,Hydro,49992.508
22/10/2022 00:00,NSW,Liquid Fuel,1.783
22/10/2022 00:00,NSW,Solar,83275.479
22/10/2022 00:00,NSW,Wind,144551.095
22/10/2022 00:00,QLD,Battery,1113.093
22/10/2022 00:00,QLD,Biomass,3072.292
22/10/2022 00:00,QLD,Black coal,783896.998
22/10/2022 00:00,QLD,Gas,97879.602
22/10/2022 00:00,QLD,Hydro,12576.959
22/10/2022 00:00,QLD,Liquid Fuel,58.466
22/10/2022 00:00,QLD,Solar,103230.121
22/10/2022 00:00,QLD,Wind,19306.801
22/10/2022 00:00,SA,Battery,1372.305
22/10/2022 00:00,SA,Gas,45134.822
22/10/2022 00:00,SA,Liquid Fuel,13.468
22/10/2022 00:00,SA,Solar,10766.842
22/10/2022 00:00,SA,Wind,135683.76
22/10/2022 00:00,TAS,Gas,2399.695
22/10/2022 00:00,TAS,Hydro,167662.291
22/10/2022 00:00,TAS,Wind,25981.45
22/10/2022 00:00,VIC,Battery,2501.599
22/10/2022 00:00,VIC,Brown coal,530067.152
22/10/2022 00:00,VIC,Gas,24555.476
22/10/2022 00:00,VIC,Hydro,58873.306
22/10/2022 00:00,VIC,Solar,20703.273
22/10/2022 00:00,VIC,Wind,263107.02
29/10/2022 00:00,NSW,Battery,362.534
29/10/2022 00:00,NSW,Black coal,627223.514
29/10/2022 00:00,NSW,Gas,13468.075
29/10/2022 00:00,NSW,Hydro,104066.278
29/10/2022 00:00,NSW,Liquid Fuel,67.375
29/10/2022 00:00,NSW,Solar,97524.948
29/10/2022 00:00,NSW,Wind,127769.953
29/10/2022 00:00,QLD,Battery,803.555
29/10/2022 00:00,QLD,Biomass,6963.7
29/10/2022 00:00,QLD,Black coal,736930.026
29/10/2022 00:00,QLD,Gas,82582.127
29/10/2022 00:00,QLD,Hydro,14946.232
29/10/2022 00:00,QLD,Liquid Fuel,0
29/10/2022 00:00,QLD,Solar,105959.5
29/10/2022 00:00,QLD,Wind,44795.597
29/10/2022 00:00,SA,Battery,1527.45
29/10/2022 00:00,SA,Gas,32478.009
29/10/2022 00:00,SA,Liquid Fuel,302.212
29/10/2022 00:00,SA,Solar,15404.284
29/10/2022 00:00,SA,Wind,146313.243
29/10/2022 00:00,TAS,Gas,316.615
29/10/2022 00:00,TAS,Hydro,152798.939
29/10/2022 00:00,TAS,Wind,26008.407
29/10/2022 00:00,VIC,Battery,1559.544
29/10/2022 00:00,VIC,Brown coal,561931.211
29/10/2022 00:00,VIC,Gas,2811.621
29/10/2022 00:00,VIC,Hydro,88892.581
29/10/2022 00:00,VIC,Solar,28349.286
29/10/2022 00:00,VIC,Wind,180084.352
05/11/2022 00:00,NSW,Battery,407.282
05/11/2022 00:00,NSW,Black coal,635772.667
05/11/2022 00:00,NSW,Gas,29622.015
05/11/2022 00:00,NSW,Hydro,69979.011
05/11/2022 00:00,NSW,Liquid Fuel,0
05/11/2022 00:00,NSW,Solar,124974.157
05/11/2022 00:00,NSW,Wind,67921.188
05/11/2022 00:00,QLD,Battery,917.603
05/11/2022 00:00,QLD,Biomass,8308.033
05/11/2022 00:00,QLD,Black coal,714495.804
05/11/2022 00:00,QLD,Gas,75268.188
05/11/2022 00:00,QLD,Hydro,13589.565
05/11/2022 00:00,QLD,Liquid Fuel,0
05/11/2022 00:00,QLD,Solar,118137.817
05/11/2022 00:00,QLD,Wind,49459.885
05/11/2022 00:00,SA,Battery,1476.182
05/11/2022 00:00,SA,Gas,58550.405
05/11/2022 00:00,SA,Liquid Fuel,172.498
05/11/2022 00:00,SA,Solar,17990.351
05/11/2022 00:00,SA,Wind,109329.043
05/11/2022 00:00,TAS,Gas,1485.909
05/11/2022 00:00,TAS,Hydro,145082.855
05/11/2022 00:00,TAS,Wind,22502.706
05/11/2022 00:00,VIC,Battery,1132.996
05/11/2022 00:00,VIC,Brown coal,569565.222
05/11/2022 00:00,VIC,Gas,6194.302
05/11/2022 00:00,VIC,Hydro,66579.669
05/11/2022 00:00,VIC,Solar,31262.005
05/11/2022 00:00,VIC,Wind,160655.142
12/11/2022 00:00,NSW,Battery,471.21
12/11/2022 00:00,NSW,Black coal,621316.766
12/11/2022 00:00,NSW,Gas,11165.094
12/11/2022 00:00,NSW,Hydro,78359.553
12/11/2022 00:00,NSW,Liquid Fuel,0
12/11/2022 00:00,NSW,Solar,109894.88
12/11/2022 00:00,NSW,Wind,110539.658
12/11/2022 00:00,QLD,Battery,1070.554
12/11/2022 00:00,QLD,Biomass,6666.267
12/11/2022 00:00,QLD,Black coal,749121.191
12/11/2022 00:00,QLD,Gas,90298.441
12/11/2022 00:00,QLD,Hydro,16220.343
12/11/2022 00:00,QLD,Liquid Fuel,0
12/11/2022 00:00,QLD,Solar,125770.307
12/11/2022 00:00,QLD,Wind,32933.233
12/11/2022 00:00,SA,Battery,814.339
12/11/2022 00:00,SA,Gas,71986.654
12/11/2022 00:00,SA,Liquid Fuel,501.904
12/11/2022 00:00,SA,Solar,12004.901
12/11/2022 00:00,SA,Wind,113734.75
12/11/2022 00:00,TAS,Gas,1053.541
12/11/2022 00:00,TAS,Hydro,167471.092
12/11/2022 00:00,TAS,Wind,27699.575
12/11/2022 00:00,VIC,Battery,1673.668
12/11/2022 00:00,VIC,Brown coal,516867.421
12/11/2022 00:00,VIC,Gas,2645.692
12/11/2022 00:00,VIC,Hydro,58056.03
12/11/2022 00:00,VIC,Solar,29627.723
12/11/2022 00:00,VIC,Wind,204953.157
19/11/2022 00:00,NSW,Battery,593.636
19/11/2022 00:00,NSW,Black coal,608168.591
19/11/2022 00:00,NSW,Gas,5561.591
19/11/2022 00:00,NSW,Hydro,83004.261
19/11/2022 00:00,NSW,Liquid Fuel,6.733
19/11/2022 00:00,NSW,Solar,123951.404
19/11/2022 00:00,NSW,Wind,142993.922
19/11/2022 00:00,QLD,Battery,981.156
19/11/2022 00:00,QLD,Biomass,7491.2
19/11/2022 00:00,QLD,Black coal,757909.665
19/11/2022 00:00,QLD,Gas,86421.583
19/11/2022 00:00,QLD,Hydro,16198.769
19/11/2022 00:00,QLD,Liquid Fuel,0
19/11/2022 00:00,QLD,Solar,107387.042
19/11/2022 00:00,QLD,Wind,26519.867
19/11/2022 00:00,SA,Battery,1637.381
19/11/2022 00:00,SA,Gas,56812.599
19/11/2022 00:00,SA,Liquid Fuel,1238.885
19/11/2022 00:00,SA,Solar,14397.924
19/11/2022 00:00,SA,Wind,131363.58
19/11/2022 00:00,TAS,Gas,106.419
19/11/2022 00:00,TAS,Hydro,153105.754
19/11/2022 00:00,TAS,Wind,45776.849
19/11/2022 00:00,VIC,Battery,1323.428
19/11/2022 00:00,VIC,Brown coal,451452.055
19/11/2022 00:00,VIC,Gas,10630.352
19/11/2022 00:00,VIC,Hydro,54187.258
19/11/2022 00:00,VIC,Solar,34281.441
19/11/2022 00:00,VIC,Wind,226192.316
26/11/2022 00:00,NSW,Battery,351.235
26/11/2022 00:00,NSW,Black coal,681882.947
26/11/2022 00:00,NSW,Gas,2583.436
26/11/2022 00:00,NSW,Hydro,51571.359
26/11/2022 00:00,NSW,Liquid Fuel,0
26/11/2022 00:00,NSW,Solar,151295.481
26/11/2022 00:00,NSW,Wind,107702.173
26/11/2022 00:00,QLD,Battery,846.676
26/11/2022 00:00,QLD,Biomass,4419.425
26/11/2022 00:00,QLD,Black coal,799964.433
26/11/2022 00:00,QLD,Gas,65996.626
26/11/2022 00:00,QLD,Hydro,14509.191
26/11/2022 00:00,QLD,Liquid Fuel,0
26/11/2022 00:00,QLD,Solar,94117.568
26/11/2022 00:00,QLD,Wind,32483.339
26/11/2022 00:00,SA,Battery,1269.059
26/11/2022 00:00,SA,Gas,34903.099
26/11/2022 00:00,SA,Liquid Fuel,7.332
26/11/2022 00:00,SA,Solar,23297.983
26/11/2022 00:00,SA,Wind,101928.904
26/11/2022 00:00,TAS,Gas,62.864
26/11/2022 00:00,TAS,Hydro,162707.07
26/11/2022 00:00,TAS,Wind,32937.636
26/11/2022 00:00,VIC,Battery,1916.503
26/11/2022 00:00,VIC,Brown coal,511698.06
26/11/2022 00:00,VIC,Gas,10403.544
26/11/2022 00:00,VIC,Hydro,55903.49
26/11/2022 00:00,VIC,Solar,42209.467
26/11/2022 00:00,VIC,Wind,129872.336
03/12/2022 00:00,NSW,Battery,263.439
03/12/2022 00:00,NSW,Black coal,615245.165
03/12/2022 00:00,NSW,Gas,17553.896
03/12/2022 00:00,NSW,Hydro,71430.102
03/12/2022 00:00,NSW,Liquid Fuel,0
03/12/2022 00:00,NSW,Solar,148773.007
03/12/2022 00:00,NSW,Wind,95239.748
03/12/2022 00:00,QLD,Battery,745.546
03/12/2022 00:00,QLD,Biomass,5167.067
03/12/2022 00:00,QLD,Black coal,759392.566
03/12/2022 00:00,QLD,Gas,91571.336
03/12/2022 00:00,QLD,Hydro,12987.183
03/12/2022 00:00,QLD,Liquid Fuel,478.073
03/12/2022 00:00,QLD,Solar,143476.32
03/12/2022 00:00,QLD,Wind,27770.644
03/12/2022 00:00,SA,Battery,1185.454
03/12/2022 00:00,SA,Gas,36616.77
03/12/2022 00:00,SA,Liquid Fuel,54.721
03/12/2022 00:00,SA,Solar,18436.382
03/12/2022 00:00,SA,Wind,140306.54
03/12/2022 00:00,TAS,Gas,120.371
03/12/2022 00:00,TAS,Hydro,126114.972
03/12/2022 00:00,TAS,Wind,30498.336
03/12/2022 00:00,VIC,Battery,1714.378
03/12/2022 00:00,VIC,Brown coal,595601.691
03/12/2022 00:00,VIC,Gas,5703.881
03/12/2022 00:00,VIC,Hydro,30087.615
03/12/2022 00:00,VIC,Solar,39494.478
03/12/2022 00:00,VIC,Wind,191270.495
10/12/2022 00:00,NSW,Battery,321.414
10/12/2022 00:00,NSW,Black coal,595242.503
10/12/2022 00:00,NSW,Gas,1745.69
10/12/2022 00:00,NSW,Hydro,68521.844
10/12/2022 00:00,NSW,Liquid Fuel,10.267
10/12/2022 00:00,NSW,Solar,144219.441
10/12/2022 00:00,NSW,Wind,132954.159
10/12/2022 00:00,QLD,Battery,17.141
10/12/2022 00:00,QLD,Biomass,6116.542
10/12/2022 00:00,QLD,Black coal,751864.269
10/12/2022 00:00,QLD,Gas,86531.153
10/12/2022 00:00,QLD,Hydro,14023.709
10/12/2022 00:00,QLD,Liquid Fuel,0
10/12/2022 00:00,QLD,Solar,130111.554
10/12/2022 00:00,QLD,Wind,28079.507
10/12/2022 00:00,SA,Battery,1291.099
10/12/2022 00:00,SA,Gas,17422.924
10/12/2022 00:00,SA,Liquid Fuel,731.889
10/12/2022 00:00,SA,Solar,18392.435
10/12/2022 00:00,SA,Wind,165454.616
10/12/2022 00:00,TAS,Gas,0
10/12/2022 00:00,TAS,Hydro,100227.45
10/12/2022 00:00,TAS,Wind,40573.874
10/12/2022 00:00,VIC,Battery,1220.589
10/12/2022 00:00,VIC,Brown coal,592179.914
10/12/2022 00:00,VIC,Gas,3.808
10/12/2022 00:00,VIC,Hydro,30333.404
10/12/2022 00:00,VIC,Solar,30301.383
10/12/2022 00:00,VIC,Wind,273994.826
17/12/2022 00:00,NSW,Battery,312.093
17/12/2022 00:00,NSW,Black coal,637816.201
17/12/2022 00:00,NSW,Gas,437.867
17/12/2022 00:00,NSW,Hydro,73663.685
17/12/2022 00:00,NSW,Liquid Fuel,0
17/12/2022 00:00,NSW,Solar,151366.393
17/12/2022 00:00,NSW,Wind,87486.935
17/12/2022 00:00,QLD,Battery,222.836
17/12/2022 00:00,QLD,Biomass,4525.467
17/12/2022 00:00,QLD,Black coal,793640.896
17/12/2022 00:00,QLD,Gas,51727.224
17/12/2022 00:00,QLD,Hydro,17928.217
17/12/2022 00:00,QLD,Liquid Fuel,0
17/12/2022 00:00,QLD,Solar,110924.219
17/12/2022 00:00,QLD,Wind,47533.342
17/12/2022 00:00,SA,Battery,1046.551
17/12/2022 00:00,SA,Gas,44621.571
17/12/2022 00:00,SA,Liquid Fuel,544.993
17/12/2022 00:00,SA,Solar,18179.121
17/12/2022 00:00,SA,Wind,119462.939
17/12/2022 00:00,TAS,Gas,1183.825
17/12/2022 00:00,TAS,Hydro,137987.849
17/12/2022 00:00,TAS,Wind,18347.469
17/12/2022 00:00,VIC,Battery,1530.752
17/12/2022 00:00,VIC,Brown coal,602453.421
17/12/2022 00:00,VIC,Gas,2142.429
17/12/2022 00:00,VIC,Hydro,40853.99
17/12/2022 00:00,VIC,Solar,43515.812
17/12/2022 00:00,VIC,Wind,136334.044
24/12/2022 00:00,NSW,Battery,220.385
24/12/2022 00:00,NSW,Black coal,580529.6
24/12/2022 00:00,NSW,Gas,10949.505
24/12/2022 00:00,NSW,Hydro,68401.882
24/12/2022 00:00,NSW,Liquid Fuel,0
24/12/2022 00:00,NSW,Solar,145010.188
24/12/2022 00:00,NSW,Wind,109232.906
24/12/2022 00:00,QLD,Battery,679.787
24/12/2022 00:00,QLD,Biomass,3067.842
24/12/2022 00:00,QLD,Black coal,793629.424
24/12/2022 00:00,QLD,Gas,52579.565
24/12/2022 00:00,QLD,Hydro,16730.869
24/12/2022 00:00,QLD,Liquid Fuel,0
24/12/2022 00:00,QLD,Solar,110843.682
24/12/2022 00:00,QLD,Wind,44911.495
24/12/2022 00:00,SA,Battery,876.728
24/12/2022 00:00,SA,Gas,50251.132
24/12/2022 00:00,SA,Liquid Fuel,53.304
24/12/2022 00:00,SA,Solar,21351.089
24/12/2022 00:00,SA,Wind,130933.197
24/12/2022 00:00,TAS,Gas,743.078
24/12/2022 00:00,TAS,Hydro,107488.228
24/12/2022 00:00,TAS,Wind,29792.367
24/12/2022 00:00,VIC,Battery,1702.297
24/12/2022 00:00,VIC,Brown coal,635526.491
24/12/2022 00:00,VIC,Gas,8909.396
24/12/2022 00:00,VIC,Hydro,32422.227
24/12/2022 00:00,VIC,Solar,44588.206
24/12/2022 00:00,VIC,Wind,160428.706
31/12/2022 00:00,NSW,Battery,190.801
31/12/2022 00:00,NSW,Black coal,553198.664
31/12/2022 00:00,NSW,Gas,12568.314
31/12/2022 00:00,NSW,Hydro,63262.554
31/12/2022 00:00,NSW,Liquid Fuel,0
31/12/2022 00:00,NSW,Solar,147763.759
31/12/2022 00:00,NSW,Wind,127592.259
31/12/2022 00:00,QLD,Battery,802.906
31/12/2022 00:00,QLD,Biomass,2488.792
31/12/2022 00:00,QLD,Black coal,819398.649
31/12/2022 00:00,QLD,Gas,79364.915
31/12/2022 00:00,QLD,Hydro,28146.417
31/12/2022 00:00,QLD,Liquid Fuel,0
31/12/2022 00:00,QLD,Solar,124487.051
31/12/2022 00:00,QLD,Wind,28792.231
31/12/2022 00:00,SA,Battery,914.584
31/12/2022 00:00,SA,Gas,28067.152
31/12/2022 00:00,SA,Liquid Fuel,433.183
31/12/2022 00:00,SA,Solar,22164.142
31/12/2022 00:00,SA,Wind,146844.744
31/12/2022 00:00,TAS,Gas,1065.044
31/12/2022 00:00,TAS,Hydro,103853.63
31/12/2022 00:00,TAS,Wind,29070.851
31/12/2022 00:00,VIC,Battery,1248.871
31/12/2022 00:00,VIC,Brown coal,615965.127
31/12/2022 00:00,VIC,Gas,5318.651
31/12/2022 00:00,VIC,Hydro,21481.171
31/12/2022 00:00,VIC,Solar,43212.499
31/12/2022 00:00,VIC,Wind,214504.548
07/01/2023 00:00,NSW,Battery,234.071
07/01/2023 00:00,NSW,Black coal,680279.42
07/01/2023 00:00,NSW,Gas,16963.009
07/01/2023 00:00,NSW,Hydro,95734.286
07/01/2023 00:00,NSW,Liquid Fuel,0
07/01/2023 00:00,NSW,Solar,165749.435
07/01/2023 00:00,NSW,Wind,84767.564
07/01/2023 00:00,QLD,Battery,86.628
07/01/2023 00:00,QLD,Biomass,862.417
07/01/2023 00:00,QLD,Black coal,836126.53
07/01/2023 00:00,QLD,Gas,81454.044
07/01/2023 00:00,QLD,Hydro,32983.265
07/01/2023 00:00,QLD,Liquid Fuel,0
07/01/2023 00:00,QLD,Solar,90975.319
07/01/2023 00:00,QLD,Wind,31669.309
07/01/2023 00:00,SA,Battery,999.293
07/01/2023 00:00,SA,Gas,62301.472
07/01/2023 00:00,SA,Liquid Fuel,402.518
07/01/2023 00:00,SA,Solar,26513.644
07/01/2023 00:00,SA,Wind,127024.437
07/01/2023 00:00,TAS,Gas,2581.542
07/01/2023 00:00,TAS,Hydro,119384.463
07/01/2023 00:00,TAS,Wind,24140.397
07/01/2023 00:00,VIC,Battery,1314.47
07/01/2023 00:00,VIC,Brown coal,670909.369
07/01/2023 00:00,VIC,Gas,22361.615
07/01/2023 00:00,VIC,Hydro,38614.927
07/01/2023 00:00,VIC,Solar,53357.856
07/01/2023 00:00,VIC,Wind,135083.397
14/01/2023 00:00,NSW,Battery,250.51
14/01/2023 00:00,NSW,Black coal,671139.986
14/01/2023 00:00,NSW,Gas,11694.619
14/01/2023 00:00,NSW,Hydro,59299.088
14/01/2023 00:00,NSW,Liquid Fuel,0
14/01/2023 00:00,NSW,Solar,133604.267
14/01/2023 00:00,NSW,Wind,128878.467
14/01/2023 00:00,QLD,Battery,408.118
14/01/2023 00:00,QLD,Biomass,1610.1
14/01/2023 00:00,QLD,Black coal,827056.418
14/01/2023 00:00,QLD,Gas,79750.071
14/01/2023 00:00,QLD,Hydro,31372.861
14/01/2023 00:00,QLD,Liquid Fuel,0
14/01/2023 00:00,QLD,Solar,103082.961
14/01/2023 00:00,QLD,Wind,54221.26
14/01/2023 00:00,SA,Battery,1040.41
14/01/2023 00:00,SA,Gas,39947.723
14/01/2023 00:00,SA,Liquid Fuel,1359.162
14/01/2023 00:00,SA,Solar,18355.822
14/01/2023 00:00,SA,Wind,157781.523
14/01/2023 00:00,TAS,Gas,2049.104
14/01/2023 00:00,TAS,Hydro,101922.397
14/01/2023 00:00,TAS,Wind,32341.182
14/01/2023 00:00,VIC,Battery,1399.51
14/01/2023 00:00,VIC,Brown coal,598860.76
14/01/2023 00:00,VIC,Gas,11797.379
14/01/2023 00:00,VIC,Hydro,37756.51
14/01/2023 00:00,VIC,Solar,35762.393
14/01/2023 00:00,VIC,Wind,214894.921
21/01/2023 00:00,NSW,Battery,289.2
21/01/2023 00:00,NSW,Black coal,734832.749
21/01/2023 00:00,NSW,Gas,6294.08
21/01/2023 00:00,NSW,Hydro,79420.067
21/01/2023 00:00,NSW,Liquid Fuel,0
21/01/2023 00:00,NSW,Solar,145188.829
21/01/2023 00:00,NSW,Wind,80958.527
21/01/2023 00:00,QLD,Battery,845.963
21/01/2023 00:00,QLD,Biomass,1962.158
21/01/2023 00:00,QLD,Black coal,915326.936
21/01/2023 00:00,QLD,Gas,95793.856
21/01/2023 00:00,QLD,Hydro,30964.227
21/01/2023 00:00,QLD,Liquid Fuel,0
21/01/2023 00:00,QLD,Solar,124328.382
21/01/2023 00:00,QLD,Wind,33066.055
21/01/2023 00:00,SA,Battery,1033.678
21/01/2023 00:00,SA,Gas,51143.575
21/01/2023 00:00,SA,Liquid Fuel,1402.003
21/01/2023 00:00,SA,Solar,19512.498
21/01/2023 00:00,SA,Wind,125153.224
21/01/2023 00:00,TAS,Gas,677.51
21/01/2023 00:00,TAS,Hydro,118156.119
21/01/2023 00:00,TAS,Wind,23642.908
21/01/2023 00:00,VIC,Battery,1861.855
21/01/2023 00:00,VIC,Brown coal,676466.661
21/01/2023 00:00,VIC,Gas,3190.935
21/01/2023 00:00,VIC,Hydro,43960.807
21/01/2023 00:00,VIC,Solar,45011.962
21/01/2023 00:00,VIC,Wind,128612.574
28/01/2023 00:00,NSW,Battery,496.005
28/01/2023 00:00,NSW,Black coal,785055.105
28/01/2023 00:00,NSW,Gas,28725.1
28/01/2023 00:00,NSW,Hydro,93246.048
28/01/2023 00:00,NSW,Liquid Fuel,89.717
28/01/2023 00:00,NSW,Solar,121762.359
28/01/2023 00:00,NSW,Wind,109992.187
28/01/2023 00:00,QLD,Battery,742.864
28/01/2023 00:00,QLD,Biomass,1797.467
28/01/2023 00:00,QLD,Black coal,937225.661
28/01/2023 00:00,QLD,Gas,142947.759
28/01/2023 00:00,QLD,Hydro,32742.887
28/01/2023 00:00,QLD,Liquid Fuel,2257.352
28/01/2023 00:00,QLD,Solar,115760.714
28/01/2023 00:00,QLD,Wind,21635.815
28/01/2023 00:00,SA,Battery,1225.671
28/01/2023 00:00,SA,Gas,44673.899
28/01/2023 00:00,SA,Liquid Fuel,6.5
28/01/2023 00:00,SA,Solar,18158.525
28/01/2023 00:00,SA,Wind,121125.689
28/01/2023 00:00,TAS,Gas,196.865
28/01/2023 00:00,TAS,Hydro,111546.325
28/01/2023 00:00,TAS,Wind,25789.688
28/01/2023 00:00,VIC,Battery,1832.297
28/01/2023 00:00,VIC,Brown coal,660135.888
28/01/2023 00:00,VIC,Gas,112.475
28/01/2023 00:00,VIC,Hydro,27552.507
28/01/2023 00:00,VIC,Solar,34631.039
28/01/2023 00:00,VIC,Wind,200010.159
04/02/2023 00:00,NSW,Battery,289.511
04/02/2023 00:00,NSW,Black coal,798684.967
04/02/2023 00:00,NSW,Gas,436.897
04/02/2023 00:00,NSW,Hydro,35714.161
04/02/2023 00:00,NSW,Liquid Fuel,0.517
04/02/2023 00:00,NSW,Solar,155444.094
04/02/2023 00:00,NSW,Wind,105734.244
04/02/2023 00:00,QLD,Battery,909.364
04/02/2023 00:00,QLD,Biomass,511.975
04/02/2023 00:00,QLD,Black coal,906015.009
04/02/2023 00:00,QLD,Gas,75247.649
04/02/2023 00:00,QLD,Hydro,29396.259
04/02/2023 00:00,QLD,Liquid Fuel,0
04/02/2023 00:00,QLD,Solar,126312.713
04/02/2023 00:00,QLD,Wind,44466.79
04/02/2023 00:00,SA,Battery,1302.953
04/02/2023 00:00,SA,Gas,47768.446
04/02/2023 00:00,SA,Liquid Fuel,775.561
04/02/2023 00:00,SA,Solar,26393.146
04/02/2023 00:00,SA,Wind,110878.478
04/02/2023 00:00,TAS,Gas,0
04/02/2023 00:00,TAS,Hydro,115215.605
04/02/2023 00:00,TAS,Wind,22378.701
04/02/2023 00:00,VIC,Battery,2101.601
04/02/2023 00:00,VIC,Brown coal,603152.187
04/02/2023 00:00,VIC,Gas,9783.213
04/02/2023 00:00,VIC,Hydro,50658.998
04/02/2023 00:00,VIC,Solar,49357.309
04/02/2023 00:00,VIC,Wind,142939.912
11/02/2023 00:00,NSW,Battery,320.562
11/02/2023 00:00,NSW,Black coal,778048.438
11/02/2023 00:00,NSW,Gas,3621.137
11/02/2023 00:00,NSW,Hydro,36324.886
11/02/2023 00:00,NSW,Liquid Fuel,1.742
11/02/2023 00:00,NSW,Solar,154767.73
11/02/2023 00:00,NSW,Wind,101742.035
11/02/2023 00:00,QLD,Battery,716.682
11/02/2023 00:00,QLD,Biomass,421.783
11/02/2023 00:00,QLD,Black coal,936019.501
11/02/2023 00:00,QLD,Gas,86681.805
11/02/2023 00:00,QLD,Hydro,28711.688
11/02/2023 00:00,QLD,Liquid Fuel,427.432
11/02/2023 00:00,QLD,Solar,124683.625
11/02/2023 00:00,QLD,Wind,50207.805
11/02/2023 00:00,SA,Battery,1313.023
11/02/2023 00:00,SA,Gas,58433.835
11/02/2023 00:00,SA,Liquid Fuel,2165.86
11/02/2023 00:00,SA,Solar,25627.416
11/02/2023 00:00,SA,Wind,98579.808
11/02/2023 00:00,TAS,Gas,785.961
11/02/2023 00:00,TAS,Hydro,128298.275
11/02/2023 00:00,TAS,Wind,22890.182
11/02/2023 00:00,VIC,Battery,2025.183
11/02/2023 00:00,VIC,Brown coal,570609.29
11/02/2023 00:00,VIC,Gas,23022.125
11/02/2023 00:00,VIC,Hydro,51912.413
11/02/2023 00:00,VIC,Solar,44760.66
11/02/2023 00:00,VIC,Wind,200315.139
18/02/2023 00:00,NSW,Battery,125.11
18/02/2023 00:00,NSW,Black coal,731518.102
18/02/2023 00:00,NSW,Gas,3016.318
18/02/2023 00:00,NSW,Hydro,31185.445
18/02/2023 00:00,NSW,Liquid Fuel,1.75
18/02/2023 00:00,NSW,Solar,152765.719
18/02/2023 00:00,NSW,Wind,129502.678
18/02/2023 00:00,QLD,Battery,471.194
18/02/2023 00:00,QLD,Biomass,750.992
18/02/2023 00:00,QLD,Black coal,912677.959
18/02/2023 00:00,QLD,Gas,70285.26
18/02/2023 00:00,QLD,Hydro,30454.178
18/02/2023 00:00,QLD,Liquid Fuel,0
18/02/2023 00:00,QLD,Solar,107221.725
18/02/2023 00:00,QLD,Wind,52511.428
18/02/2023 00:00,SA,Battery,1392.181
18/02/2023 00:00,SA,Gas,61627.131
18/02/2023 00:00,SA,Liquid Fuel,1718.334
18/02/2023 00:00,SA,Solar,23933.476
18/02/2023 00:00,SA,Wind,157753.617
18/02/2023 00:00,TAS,Gas,479.251
18/02/2023 00:00,TAS,Hydro,101743.521
18/02/2023 00:00,TAS,Wind,42424.732
18/02/2023 00:00,VIC,Battery,1475.29
18/02/2023 00:00,VIC,Brown coal,621667.421
18/02/2023 00:00,VIC,Gas,14497.18
18/02/2023 00:00,VIC,Hydro,42357.115
18/02/2023 00:00,VIC,Solar,44125.919
18/02/2023 00:00,VIC,Wind,216487.517
25/02/2023 00:00,NSW,Battery,155.496
25/02/2023 00:00,NSW,Black coal,746142.969
25/02/2023 00:00,NSW,Gas,130.611
25/02/2023 00:00,NSW,Hydro,55350.381
25/02/2023 00:00,NSW,Liquid Fuel,2.3
25/02/2023 00:00,NSW,Solar,149381.582
25/02/2023 00:00,NSW,Wind,107961.481
25/02/2023 00:00,QLD,Battery,692.988
25/02/2023 00:00,QLD,Biomass,1219.317
25/02/2023 00:00,QLD,Black coal,914634.96
25/02/2023 00:00,QLD,Gas,98563.821
25/02/2023 00:00,QLD,Hydro,29109.311
25/02/2023 00:00,QLD,Liquid Fuel,0
25/02/2023 00:00,QLD,Solar,106876.135
25/02/2023 00:00,QLD,Wind,36181.757
25/02/2023 00:00,SA,Battery,1123.488
25/02/2023 00:00,SA,Gas,52623.82
25/02/2023 00:00,SA,Liquid Fuel,2.675
25/02/2023 00:00,SA,Solar,24171.374
25/02/2023 00:00,SA,Wind,102201.985
25/02/2023 00:00,TAS,Gas,881.464
25/02/2023 00:00,TAS,Hydro,102410.536
25/02/2023 00:00,TAS,Wind,28323.611
25/02/2023 00:00,VIC,Battery,1469.231
25/02/2023 00:00,VIC,Brown coal,609527.098
25/02/2023 00:00,VIC,Gas,3486.641
25/02/2023 00:00,VIC,Hydro,43358.652
25/02/2023 00:00,VIC,Solar,41157.259
25/02/2023 00:00,VIC,Wind,163113.669
04/03/2023 00:00,NSW,Battery,303.723
04/03/2023 00:00,NSW,Black coal,705884.559
04/03/2023 00:00,NSW,Gas,55428.87
04/03/2023 00:00,NSW,Hydro,62837.104
04/03/2023 00:00,NSW,Liquid Fuel,12.167
04/03/2023 00:00,NSW,Solar,138703.634
04/03/2023 00:00,NSW,Wind,125471.278
04/03/2023 00:00,QLD,Battery,313.238
04/03/2023 00:00,QLD,Biomass,0
04/03/2023 00:00,QLD,Black coal,964398.023
04/03/2023 00:00,QLD,Gas,106868.189
04/03/2023 00:00,QLD,Hydro,30172.385
04/03/2023 00:00,QLD,Liquid Fuel,0
04/03/2023 00:00,QLD,Solar,83368.377
04/03/2023 00:00,QLD,Wind,30434.335
04/03/2023 00:00,SA,Battery,1152.332
04/03/2023 00:00,SA,Gas,44449.527
04/03/2023 00:00,SA,Liquid Fuel,36.97
04/03/2023 00:00,SA,Solar,17898.938
04/03/2023 00:00,SA,Wind,128596.255
04/03/2023 00:00,TAS,Gas,866.351
04/03/2023 00:00,TAS,Hydro,108464.055
04/03/2023 00:00,TAS,Wind,58573.945
04/03/2023 00:00,VIC,Battery,1385.513
04/03/2023 00:00,VIC,Brown coal,560944.369
04/03/2023 00:00,VIC,Gas,2415.446
04/03/2023 00:00,VIC,Hydro,36963.157
04/03/2023 00:00,VIC,Solar,30380.999
04/03/2023 00:00,VIC,Wind,222505.208
11/03/2023 00:00,NSW,Battery,515.348
11/03/2023 00:00,NSW,Black coal,730820.874
11/03/2023 00:00,NSW,Gas,70791.243
11/03/2023 00:00,NSW,Hydro,92122.848
11/03/2023 00:00,NSW,Liquid Fuel,65.2
11/03/2023 00:00,NSW,Solar,129637.296
11/03/2023 00:00,NSW,Wind,104711.837
11/03/2023 00:00,QLD,Battery,836.696
11/03/2023 00:00,QLD,Biomass,0
11/03/2023 00:00,QLD,Black coal,932546.11
11/03/2023 00:00,QLD,Gas,131275.152
11/03/2023 00:00,QLD,Hydro,29505.24
11/03/2023 00:00,QLD,Liquid Fuel,1745.818
11/03/2023 00:00,QLD,Solar,108928.045
11/03/2023 00:00,QLD,Wind,21425.557
11/03/2023 00:00,SA,Battery,1603.568
11/03/2023 00:00,SA,Gas,54335.555
11/03/2023 00:00,SA,Liquid Fuel,108.256
11/03/2023 00:00,SA,Solar,19901.534
11/03/2023 00:00,SA,Wind,85179.981
11/03/2023 00:00,TAS,Gas,1966.087
11/03/2023 00:00,TAS,Hydro,147198.776
11/03/2023 00:00,TAS,Wind,32919.813
11/03/2023 00:00,VIC,Battery,1759.347
11/03/2023 00:00,VIC,Brown coal,593008.784
11/03/2023 00:00,VIC,Gas,15379.063
11/03/2023 00:00,VIC,Hydro,25680.819
11/03/2023 00:00,VIC,Solar,39437.609
11/03/2023 00:00,VIC,Wind,175317.37
18/03/2023 00:00,NSW,Battery,315.791
18/03/2023 00:00,NSW,Black coal,713348.938
18/03/2023 00:00,NSW,Gas,61254.067
18/03/2023 00:00,NSW,Hydro,36319.539
18/03/2023 00:00,NSW,Liquid Fuel,1.725
18/03/2023 00:00,NSW,Solar,100928.709
18/03/2023 00:00,NSW,Wind,107794.462
18/03/2023 00:00,QLD,Battery,795.863
18/03/2023 00:00,QLD,Biomass,0
18/03/2023 00:00,QLD,Black coal,907999.98
18/03/2023 00:00,QLD,Gas,91191.579
18/03/2023 00:00,QLD,Hydro,29213.6
18/03/2023 00:00,QLD,Liquid Fuel,0
18/03/2023 00:00,QLD,Solar,115413.244
18/03/2023 00:00,QLD,Wind,46497.075
18/03/2023 00:00,SA,Battery,1128.859
18/03/2023 00:00,SA,Gas,58722.751
18/03/2023 00:00,SA,Liquid Fuel,1.873
18/03/2023 00:00,SA,Solar,17214.73
18/03/2023 00:00,SA,Wind,109615.9
18/03/2023 00:00,TAS,Gas,1782.818
18/03/2023 00:00,TAS,Hydro,134511.869
18/03/2023 00:00,TAS,Wind,17997.847
18/03/2023 00:00,VIC,Battery,1344.327
18/03/2023 00:00,VIC,Brown coal,615068.429
18/03/2023 00:00,VIC,Gas,7841.858
18/03/2023 00:00,VIC,Hydro,45681.98
18/03/2023 00:00,VIC,Solar,30011.467
18/03/2023 00:00,VIC,Wind,178627.75
25/03/2023 00:00,NSW,Battery,577.295
25/03/2023 00:00,NSW,Black coal,764569.182
25/03/2023 00:00,NSW,Gas,56369.721
25/03/2023 00:00,NSW,Hydro,38466.305
25/03/2023 00:00,NSW,Liquid Fuel,0
25/03/2023 00:00,NSW,Solar,78527.214
25/03/2023 00:00,NSW,Wind,93560.83
25/03/2023 00:00,QLD,Battery,1075.781
25/03/2023 00:00,QLD,Biomass,0
25/03/2023 00:00,QLD,Black coal,912099.245
25/03/2023 00:00,QLD,Gas,85441.197
25/03/2023 00:00,QLD,Hydro,29153.183
25/03/2023 00:00,QLD,Liquid Fuel,774.088
25/03/2023 00:00,QLD,Solar,96200.825
25/03/2023 00:00,QLD,Wind,25132.598
25/03/2023 00:00,SA,Battery,1452.909
25/03/2023 00:00,SA,Gas,89991.086
25/03/2023 00:00,SA,Liquid Fuel,6.652
25/03/2023 00:00,SA,Solar,16178.738
25/03/2023 00:00,SA,Wind,82847.379
25/03/2023 00:00,TAS,Gas,3201.628
25/03/2023 00:00,TAS,Hydro,159739.624
25/03/2023 00:00,TAS,Wind,29293.157
25/03/2023 00:00,VIC,Battery,1603.7
25/03/2023 00:00,VIC,Brown coal,570354.416
25/03/2023 00:00,VIC,Gas,47032.786
25/03/2023 00:00,VIC,Hydro,57149.207
25/03/2023 00:00,VIC,Solar,25289.702
25/03/2023 00:00,VIC,Wind,123707.316
01/04/2023 00:00,NSW,Battery,551.291
01/04/2023 00:00,NSW,Black coal,655526.173
01/04/2023 00:00,NSW,Gas,39606.346
01/04/2023 00:00,NSW,Hydro,40036.537
01/04/2023 00:00,NSW,Liquid Fuel,26.45
01/04/2023 00:00,NSW,Solar,90588.39
01/04/2023 00:00,NSW,Wind,111648.765
01/04/2023 00:00,QLD,Battery,1402.257
01/04/2023 00:00,QLD,Biomass,0
01/04/2023 00:00,QLD,Black coal,824875.803
01/04/2023 00:00,QLD,Gas,73148.322
01/04/2023 00:00,QLD,Hydro,32204.606
01/04/2023 00:00,QLD,Liquid Fuel,0
01/04/2023 00:00,QLD,Solar,103576.19
01/04/2023 00:00,QLD,Wind,24271.425
01/04/2023 00:00,SA,Battery,1298.501
01/04/2023 00:00,SA,Gas,66632.805
01/04/2023 00:00,SA,Liquid Fuel,23.186
01/04/2023 00:00,SA,Solar,16610.552
01/04/2023 00:00,SA,Wind,106579.403
01/04/2023 00:00,TAS,Gas,1213.286
01/04/2023 00:00,TAS,Hydro,158003.767
01/04/2023 00:00,TAS,Wind,21846.612
01/04/2023 00:00,VIC,Battery,1939.284
01/04/2023 00:00,VIC,Brown coal,621452.908
01/04/2023 00:00,VIC,Gas,13949.027
01/04/2023 00:00,VIC,Hydro,28131.55
01/04/2023 00:00,VIC,Solar,34303.416
01/04/2023 00:00,VIC,Wind,168680.891
08/04/2023 00:00,NSW,Battery,519.262
08/04/2023 00:00,NSW,Black coal,608402.285
08/04/2023 00:00,NSW,Gas,47173.8
08/04/2023 00:00,NSW,Hydro,44486.393
08/04/2023 00:00,NSW,Liquid Fuel,0
08/04/2023 00:00,NSW,Solar,89806.662
08/04/2023 00:00,NSW,Wind,108682.837
08/04/2023 00:00,QLD,Battery,1526.792
08/04/2023 00:00,QLD,Biomass,0
08/04/2023 00:00,QLD,Black coal,783666.672
08/04/2023 00:00,QLD,Gas,71355.184
08/04/2023 00:00,QLD,Hydro,29702.125
08/04/2023 00:00,QLD,Liquid Fuel,1476.39
08/04/2023 00:00,QLD,Solar,118117.318
08/04/2023 00:00,QLD,Wind,32835.862
08/04/2023 00:00,SA,Battery,1193.689
08/04/2023 00:00,SA,Gas,53466.412
08/04/2023 00:00,SA,Liquid Fuel,71.214
08/04/2023 00:00,SA,Solar,11896.797
08/04/2023 00:00,SA,Wind,150475.761
08/04/2023 00:00,TAS,Gas,1084.149
08/04/2023 00:00,TAS,Hydro,164007.996
08/04/2023 00:00,TAS,Wind,31183.924
08/04/2023 00:00,VIC,Battery,1953.239
08/04/2023 00:00,VIC,Brown coal,552550.742
08/04/2023 00:00,VIC,Gas,18484.062
08/04/2023 00:00,VIC,Hydro,23966.584
08/04/2023 00:00,VIC,Solar,23786.226
08/04/2023 00:00,VIC,Wind,208257.756
15/04/2023 00:00,NSW,Battery,633.555
15/04/2023 00:00,NSW,Black coal,658735.794
15/04/2023 00:00,NSW,Gas,60729.843
15/04/2023 00:00,NSW,Hydro,40475.114
15/04/2023 00:00,NSW,Liquid Fuel,0
15/04/2023 00:00,NSW,Solar,113126.927
15/04/2023 00:00,NSW,Wind,87451.605
15/04/2023 00:00,QLD,Battery,995.269
15/04/2023 00:00,QLD,Biomass,1.267
15/04/2023 00:00,QLD,Black coal,836253.66
15/04/2023 00:00,QLD,Gas,77406.176
15/04/2023 00:00,QLD,Hydro,28122.852
15/04/2023 00:00,QLD,Liquid Fuel,1317.298
15/04/2023 00:00,QLD,Solar,109005.559
15/04/2023 00:00,QLD,Wind,46051.114
15/04/2023 00:00,SA,Battery,1230.162
15/04/2023 00:00,SA,Gas,78971.052
15/04/2023 00:00,SA,Liquid Fuel,1033.566
15/04/2023 00:00,SA,Solar,19741.631
15/04/2023 00:00,SA,Wind,71910.051
15/04/2023 00:00,TAS,Gas,1643.374
15/04/2023 00:00,TAS,Hydro,187628.181
15/04/2023 00:00,TAS,Wind,44685.612
15/04/2023 00:00,VIC,Battery,2754.268
15/04/2023 00:00,VIC,Brown coal,572648.033
15/04/2023 00:00,VIC,Gas,29139.115
15/04/2023 00:00,VIC,Hydro,58950.301
15/04/2023 00:00,VIC,Solar,36647.856
15/04/2023 00:00,VIC,Wind,120791.236
22/04/2023 00:00,NSW,Battery,499.915
22/04/2023 00:00,NSW,Black coal,683250.92
22/04/2023 00:00,NSW,Gas,26262.04
22/04/2023 00:00,NSW,Hydro,63584.815
22/04/2023 00:00,NSW,Liquid Fuel,1.633
22/04/2023 00:00,NSW,Solar,96108.068
22/04/2023 00:00,NSW,Wind,104221.789
22/04/2023 00:00,QLD,Battery,99.938
22/04/2023 00:00,QLD,Biomass,0
22/04/2023 00:00,QLD,Black coal,818893.213
22/04/2023 00:00,QLD,Gas,75691.387
22/04/2023 00:00,QLD,Hydro,33400.588
22/04/2023 00:00,QLD,Liquid Fuel,0
22/04/2023 00:00,QLD,Solar,101967.106
22/04/2023 00:00,QLD,Wind,65184.425
22/04/2023 00:00,SA,Battery,1836.869
22/04/2023 00:00,SA,Gas,64975.609
22/04/2023 00:00,SA,Liquid Fuel,227.3
22/04/2023 00:00,SA,Solar,15159.983
22/04/2023 00:00,SA,Wind,123126.535
22/04/2023 00:00,TAS,Gas,2285.545
22/04/2023 00:00,TAS,Hydro,151264.864
22/04/2023 00:00,TAS,Wind,31704.432
22/04/2023 00:00,VIC,Battery,2718.515
22/04/2023 00:00,VIC,Brown coal,619978.153
22/04/2023 00:00,VIC,Gas,6987.879
22/04/2023 00:00,VIC,Hydro,15335.139
22/04/2023 00:00,VIC,Solar,31159.063
22/04/2023 00:00,VIC,Wind,176492.685
29/04/2023 00:00,NSW,Battery,677.024
29/04/2023 00:00,NSW,Black coal,786512.986
29/04/2023 00:00,NSW,Gas,55888.815
29/04/2023 00:00,NSW,Hydro,92098.349
29/04/2023 00:00,NSW,Liquid Fuel,9.192
29/04/2023 00:00,NSW,Solar,62326.974
29/04/2023 00:00,NSW,Wind,92887.644
29/04/2023 00:00,QLD,Battery,1262.338
29/04/2023 00:00,QLD,Biomass,0
29/04/2023 00:00,QLD,Black coal,791214.537
29/04/2023 00:00,QLD,Gas,119298.015
29/04/2023 00:00,QLD,Hydro,28198.504
29/04/2023 00:00,QLD,Liquid Fuel,305.084
29/04/2023 00:00,QLD,Solar,104186.092
29/04/2023 00:00,QLD,Wind,41545.474
29/04/2023 00:00,SA,Battery,1802.619
29/04/2023 00:00,SA,Gas,111056.471
29/04/2023 00:00,SA,Liquid Fuel,2914.226
29/04/2023 00:00,SA,Solar,13866.763
29/04/2023 00:00,SA,Wind,82286.62
29/04/2023 00:00,TAS,Gas,2506.806
29/04/2023 00:00,TAS,Hydro,209899.6
29/04/2023 00:00,TAS,Wind,23004.793
29/04/2023 00:00,VIC,Battery,3668.493
29/04/2023 00:00,VIC,Brown coal,656026.499
29/04/2023 00:00,VIC,Gas,26285.447
29/04/2023 00:00,VIC,Hydro,45325.616
29/04/2023 00:00,VIC,Solar,20030.167
29/04/2023 00:00,VIC,Wind,172926.645
06/05/2023 00:00,NSW,Battery,694.547
06/05/2023 00:00,NSW,Black coal,891576.914
06/05/2023 00:00,NSW,Gas,58523.894
06/05/2023 00:00,NSW,Hydro,80027.426
06/05/2023 00:00,NSW,Liquid Fuel,27.075
06/05/2023 00:00,NSW,Solar,101257.192
06/05/2023 00:00,NSW,Wind,99415.211
06/05/2023 00:00,QLD,Battery,1208.719
06/05/2023 00:00,QLD,Biomass,0
06/05/2023 00:00,QLD,Black coal,795167.17
06/05/2023 00:00,QLD,Gas,124431.436
06/05/2023 00:00,QLD,Hydro,22669.572
06/05/2023 00:00,QLD,Liquid Fuel,464.772
06/05/2023 00:00,QLD,Solar,103322.789
06/05/2023 00:00,QLD,Wind,77914.948
06/05/2023 00:00,SA,Battery,1545.873
06/05/2023 00:00,SA,Gas,100374.954
06/05/2023 00:00,SA,Liquid Fuel,1239.784
06/05/2023 00:00,SA,Solar,16824.515
06/05/2023 00:00,SA,Wind,71839.541
06/05/2023 00:00,TAS,Gas,1943.998
06/05/2023 00:00,TAS,Hydro,208150.835
06/05/2023 00:00,TAS,Wind,28593.092
06/05/2023 00:00,VIC,Battery,3414.38
06/05/2023 00:00,VIC,Brown coal,634628.023
06/05/2023 00:00,VIC,Gas,44467.38
06/05/2023 00:00,VIC,Hydro,55665.44
06/05/2023 00:00,VIC,Solar,26542.265
06/05/2023 00:00,VIC,Wind,147855.212
13/05/2023 00:00,NSW,Battery,470.322
13/05/2023 00:00,NSW,Black coal,943524.696
13/05/2023 00:00,NSW,Gas,53752.054
13/05/2023 00:00,NSW,Hydro,88069.573
13/05/2023 00:00,NSW,Liquid Fuel,54.125
13/05/2023 00:00,NSW,Solar,77010.389
13/05/2023 00:00,NSW,Wind,72815.908
13/05/2023 00:00,QLD,Battery,318.635
13/05/2023 00:00,QLD,Biomass,0
13/05/2023 00:00,QLD,Black coal,823747.983
13/05/2023 00:00,QLD,Gas,130344.082
13/05/2023 00:00,QLD,Hydro,22100.278
13/05/2023 00:00,QLD,Liquid Fuel,1105.771
13/05/2023 00:00,QLD,Solar,97564.812
13/05/2023 00:00,QLD,Wind,48669.67
13/05/2023 00:00,SA,Battery,1188.587
13/05/2023 00:00,SA,Gas,116962.777
13/05/2023 00:00,SA,Liquid Fuel,1694.474
13/05/2023 00:00,SA,Solar,15484.224
13/05/2023 00:00,SA,Wind,62809.1
13/05/2023 00:00,TAS,Gas,1713.068
13/05/2023 00:00,TAS,Hydro,208731.262
13/05/2023 00:00,TAS,Wind,32428.855
13/05/2023 00:00,VIC,Battery,3714.494
13/05/2023 00:00,VIC,Brown coal,718349.547
13/05/2023 00:00,VIC,Gas,20430.668
13/05/2023 00:00,VIC,Hydro,49138.955
13/05/2023 00:00,VIC,Solar,24175.467
13/05/2023 00:00,VIC,Wind,162264.691
20/05/2023 00:00,NSW,Battery,613.707
20/05/2023 00:00,NSW,Black coal,932576.076
20/05/2023 00:00,NSW,Gas,43652.459
20/05/2023 00:00,NSW,Hydro,91847.163
20/05/2023 00:00,NSW,Liquid Fuel,164.308
20/05/2023 00:00,NSW,Solar,79988.072
20/05/2023 00:00,NSW,Wind,118494.919
20/05/2023 00:00,QLD,Battery,832.448
20/05/2023 00:00,QLD,Biomass,582.275
20/05/2023 00:00,QLD,Black coal,789539.476
20/05/2023 00:00,QLD,Gas,137157.608
20/05/2023 00:00,QLD,Hydro,23754.576
20/05/2023 00:00,QLD,Liquid Fuel,1345.675
20/05/2023 00:00,QLD,Solar,108834.309
20/05/2023 00:00,QLD,Wind,53960.883
20/05/2023 00:00,SA,Battery,1667.572
20/05/2023 00:00,SA,Gas,86666.95
20/05/2023 00:00,SA,Liquid Fuel,2423.69
20/05/2023 00:00,SA,Solar,9073.59
20/05/2023 00:00,SA,Wind,129942.67
20/05/2023 00:00,TAS,Gas,423.966
20/05/2023 00:00,TAS,Hydro,179774.704
20/05/2023 00:00,TAS,Wind,69520.404
20/05/2023 00:00,VIC,Battery,4691.517
20/05/2023 00:00,VIC,Brown coal,699281.861
20/05/2023 00:00,VIC,Gas,20613.141
20/05/2023 00:00,VIC,Hydro,40831.852
20/05/2023 00:00,VIC,Solar,21095.916
20/05/2023 00:00,VIC,Wind,240305.452
27/05/2023 00:00,NSW,Battery,625.363
27/05/2023 00:00,NSW,Black coal,1009393.859
27/05/2023 00:00,NSW,Gas,32472.287
27/05/2023 00:00,NSW,Hydro,59916.028
27/05/2023 00:00,NSW,Liquid Fuel,40.6
27/05/2023 00:00,NSW,Solar,72744.944
27/05/2023 00:00,NSW,Wind,117603.225
27/05/2023 00:00,QLD,Battery,1345.602
27/05/2023 00:00,QLD,Biomass,1010.75
27/05/2023 00:00,QLD,Black coal,776774.273
27/05/2023 00:00,QLD,Gas,120601.872
27/05/2023 00:00,QLD,Hydro,20889.496
27/05/2023 00:00,QLD,Liquid Fuel,661.911
27/05/2023 00:00,QLD,Solar,101124.32
27/05/2023 00:00,QLD,Wind,46702.402
27/05/2023 00:00,SA,Battery,1504.378
27/05/2023 00:00,SA,Gas,91133.568
27/05/2023 00:00,SA,Liquid Fuel,2307.141
27/05/2023 00:00,SA,Solar,9537.949
27/05/2023 00:00,SA,Wind,136367.408
27/05/2023 00:00,TAS,Gas,492.473
27/05/2023 00:00,TAS,Hydro,198397.663
27/05/2023 00:00,TAS,Wind,57423.965
27/05/2023 00:00,VIC,Battery,3849.796
27/05/2023 00:00,VIC,Brown coal,681746.852
27/05/2023 00:00,VIC,Gas,6527.944
27/05/2023 00:00,VIC,Hydro,29756.438
27/05/2023 00:00,VIC,Solar,15586.463
27/05/2023 00:00,VIC,Wind,250314.105
03/06/2023 00:00,NSW,Battery,407.713
03/06/2023 00:00,NSW,Black coal,955413.659
03/06/2023 00:00,NSW,Gas,23855.263
03/06/2023 00:00,NSW,Hydro,66708.853
03/06/2023 00:00,NSW,Liquid Fuel,53.392
03/06/2023 00:00,NSW,Solar,60053.589
03/06/2023 00:00,NSW,Wind,139424.833
03/06/2023 00:00,QLD,Battery,1158.675
03/06/2023 00:00,QLD,Biomass,2920.55
03/06/2023 00:00,QLD,Black coal,765708.803
03/06/2023 00:00,QLD,Gas,100768.227
03/06/2023 00:00,QLD,Hydro,18151.946
03/06/2023 00:00,QLD,Liquid Fuel,835.952
03/06/2023 00:00,QLD,Solar,74716.471
03/06/2023 00:00,QLD,Wind,66074.724
03/06/2023 00:00,SA,Battery,2180.263
03/06/2023 00:00,SA,Gas,38573.078
03/06/2023 00:00,SA,Liquid Fuel,491.841
03/06/2023 00:00,SA,Solar,10288.515
03/06/2023 00:00,SA,Wind,171513.984
03/06/2023 00:00,TAS,Gas,286.047
03/06/2023 00:00,TAS,Hydro,181955.243
03/06/2023 00:00,TAS,Wind,52764.166
03/06/2023 00:00,VIC,Battery,3648.137
03/06/2023 00:00,VIC,Brown coal,634191.278
03/06/2023 00:00,VIC,Gas,2947.633
03/06/2023 00:00,VIC,Hydro,26053.761
03/06/2023 00:00,VIC,Solar,13280.891
03/06/2023 00:00,VIC,Wind,381925.74
10/06/2023 00:00,NSW,Battery,383.18
10/06/2023 00:00,NSW,Black coal,981741.742
10/06/2023 00:00,NSW,Gas,22587.357
10/06/2023 00:00,NSW,Hydro,82032.703
10/06/2023 00:00,NSW,Liquid Fuel,4.892
10/06/2023 00:00,NSW,Solar,78736.966
10/06/2023 00:00,NSW,Wind,112424.03
10/06/2023 00:00,QLD,Battery,1292.469
10/06/2023 00:00,QLD,Biomass,4079.567
10/06/2023 00:00,QLD,Black coal,808236.624
10/06/2023 00:00,QLD,Gas,105977.189
10/06/2023 00:00,QLD,Hydro,16408.6
10/06/2023 00:00,QLD,Liquid Fuel,684.572
10/06/2023 00:00,QLD,Solar,84523.479
10/06/2023 00:00,QLD,Wind,44821.344
10/06/2023 00:00,SA,Battery,1164.686
10/06/2023 00:00,SA,Gas,35059.771
10/06/2023 00:00,SA,Liquid Fuel,228.754
10/06/2023 00:00,SA,Solar,9412.785
10/06/2023 00:00,SA,Wind,211049.003
10/06/2023 00:00,TAS,Gas,1455.98
10/06/2023 00:00,TAS,Hydro,183407.87
10/06/2023 00:00,TAS,Wind,41976.274
10/06/2023 00:00,VIC,Battery,3976.064
10/06/2023 00:00,VIC,Brown coal,575307.463
10/06/2023 00:00,VIC,Gas,6700.226
10/06/2023 00:00,VIC,Hydro,46824.985
10/06/2023 00:00,VIC,Solar,18345.252
10/06/2023 00:00,VIC,Wind,381117.567
17/06/2023 00:00,NSW,Battery,555.61
17/06/2023 00:00,NSW,Black coal,1041763.079
17/06/2023 00:00,NSW,Gas,39366.792
17/06/2023 00:00,NSW,Hydro,105237.027
17/06/2023 00:00,NSW,Liquid Fuel,63.467
17/06/2023 00:00,NSW,Solar,68595.309
17/06/2023 00:00,NSW,Wind,144321.913
17/06/2023 00:00,QLD,Battery,1015.906
17/06/2023 00:00,QLD,Biomass,6106.975
17/06/2023 00:00,QLD,Black coal,831351.462
17/06/2023 00:00,QLD,Gas,126702.498
17/06/2023 00:00,QLD,Hydro,16143.784
17/06/2023 00:00,QLD,Liquid Fuel,368.474
17/06/2023 00:00,QLD,Solar,92833.391
17/06/2023 00:00,QLD,Wind,43729.551
17/06/2023 00:00,SA,Battery,1178.788
17/06/2023 00:00,SA,Gas,79847.037
17/06/2023 00:00,SA,Liquid Fuel,1676.023
17/06/2023 00:00,SA,Solar,8251.249
17/06/2023 00:00,SA,Wind,203251.508
17/06/2023 00:00,TAS,Gas,2771.486
17/06/2023 00:00,TAS,Hydro,231490.649
17/06/2023 00:00,TAS,Wind,29897.895
17/06/2023 00:00,VIC,Battery,4201.621
17/06/2023 00:00,VIC,Brown coal,627189.175
17/06/2023 00:00,VIC,Gas,35834.243
17/06/2023 00:00,VIC,Hydro,97385.768
17/06/2023 00:00,VIC,Solar,14213.113
17/06/2023 00:00,VIC,Wind,253656.987
24/06/2023 00:00,NSW,Battery,472.719
24/06/2023 00:00,NSW,Black coal,1014897.851
24/06/2023 00:00,NSW,Gas,31503.322
24/06/2023 00:00,NSW,Hydro,79389.043
24/06/2023 00:00,NSW,Liquid Fuel,0.65
24/06/2023 00:00,NSW,Solar,57578.778
24/06/2023 00:00,NSW,Wind,159837.257
24/06/2023 00:00,QLD,Battery,1409.281
24/06/2023 00:00,QLD,Biomass,5993.533
24/06/2023 00:00,QLD,Black coal,790186.307
24/06/2023 00:00,QLD,Gas,106836.858
24/06/2023 00:00,QLD,Hydro,15351.324
24/06/2023 00:00,QLD,Liquid Fuel,497.588
24/06/2023 00:00,QLD,Solar,88780.943
24/06/2023 00:00,QLD,Wind,64818.039
24/06/2023 00:00,SA,Battery,1609.526
24/06/2023 00:00,SA,Gas,114816.866
24/06/2023 00:00,SA,Liquid Fuel,6358.334
24/06/2023 00:00,SA,Solar,9254.341
24/06/2023 00:00,SA,Wind,95260.443
24/06/2023 00:00,TAS,Gas,824.315
24/06/2023 00:00,TAS,Hydro,218174.264
24/06/2023 00:00,TAS,Wind,57482.031
24/06/2023 00:00,VIC,Battery,4710.813
24/06/2023 00:00,VIC,Brown coal,678439.682
24/06/2023 00:00,VIC,Gas,12297.984
24/06/2023 00:00,VIC,Hydro,82555.511
24/06/2023 00:00,VIC,Solar,13452.156
24/06/2023 00:00,VIC,Wind,326487.172
01/07/2023 00:00,NSW,Battery,559.857
01/07/2023 00:00,NSW,Black coal,1018868.419
01/07/2023 00:00,NSW,Gas,18562.682
01/07/2023 00:00,NSW,Hydro,70932.941
01/07/2023 00:00,NSW,Liquid Fuel,2.183
01/07/2023 00:00,NSW,Solar,51092.569
01/07/2023 00:00,NSW,Wind,143244.769
01/07/2023 00:00,QLD,Battery,1080.964
01/07/2023 00:00,QLD,Biomass,2085.817
01/07/2023 00:00,QLD,Black coal,861424.65
01/07/2023 00:00,QLD,Gas,103640.046
01/07/2023 00:00,QLD,Hydro,16584.785
01/07/2023 00:00,QLD,Liquid Fuel,277.455
01/07/2023 00:00,QLD,Solar,68091.462
01/07/2023 00:00,QLD,Wind,57280.038
01/07/2023 00:00,SA,Battery,1585.533
01/07/2023 00:00,SA,Gas,71587.652
01/07/2023 00:00,SA,Liquid Fuel,939.298
01/07/2023 00:00,SA,Solar,9091.553
01/07/2023 00:00,SA,Wind,178945.47
01/07/2023 00:00,TAS,Gas,2329.759
01/07/2023 00:00,TAS,Hydro,234375.42
01/07/2023 00:00,TAS,Wind,29491.599
01/07/2023 00:00,VIC,Battery,3780.947
01/07/2023 00:00,VIC,Brown coal,620914.724
01/07/2023 00:00,VIC,Gas,26742.397
01/07/2023 00:00,VIC,Hydro,72861.426
01/07/2023 00:00,VIC,Solar,15549.689
01/07/2023 00:00,VIC,Wind,276491.892
08/07/2023 00:00,NSW,Battery,515.268
08/07/2023 00:00,NSW,Black coal,864696.712
08/07/2023 00:00,NSW,Gas,16661.671
08/07/2023 00:00,NSW,Hydro,63869.223
08/07/2023 00:00,NSW,Liquid Fuel,0
08/07/2023 00:00,NSW,Solar,90202.748
08/07/2023 00:00,NSW,Wind,142669.217
08/07/2023 00:00,QLD,Battery,1345.979
08/07/2023 00:00,QLD,Biomass,0
08/07/2023 00:00,QLD,Black coal,832944.729
08/07/2023 00:00,QLD,Gas,98893.312
08/07/2023 00:00,QLD,Hydro,16152.151
08/07/2023 00:00,QLD,Liquid Fuel,0
08/07/2023 00:00,QLD,Solar,103100.867
08/07/2023 00:00,QLD,Wind,63785.271
08/07/2023 00:00,SA,Battery,1765.204
08/07/2023 00:00,SA,Gas,55733.843
08/07/2023 00:00,SA,Liquid Fuel,533.235
08/07/2023 00:00,SA,Solar,10729.596
08/07/2023 00:00,SA,Wind,140338.728
08/07/2023 00:00,TAS,Gas,269.301
08/07/2023 00:00,TAS,Hydro,184453.702
08/07/2023 00:00,TAS,Wind,77882.624
08/07/2023 00:00,VIC,Battery,4719.7
08/07/2023 00:00,VIC,Brown coal,610975.994
08/07/2023 00:00,VIC,Gas,4741.003
08/07/2023 00:00,VIC,Hydro,62352.586
08/07/2023 00:00,VIC,Solar,17827.371
08/07/2023 00:00,VIC,Wind,378620.414
15/07/2023 00:00,NSW,Battery,675.589
15/07/2023 00:00,NSW,Black coal,944485.099
15/07/2023 00:00,NSW,Gas,49181.1
15/07/2023 00:00,NSW,Hydro,78751.483
15/07/2023 00:00,NSW,Liquid Fuel,0
15/07/2023 00:00,NSW,Solar,94366.332
15/07/2023 00:00,NSW,Wind,92424.575
15/07/2023 00:00,QLD,Battery,1232.427
15/07/2023 00:00,QLD,Biomass,2305.6
15/07/2023 00:00,QLD,Black coal,842065.943
15/07/2023 00:00,QLD,Gas,100965.514
15/07/2023 00:00,QLD,Hydro,16161.217
15/07/2023 00:00,QLD,Liquid Fuel,64.583
15/07/2023 00:00,QLD,Solar,92182.622
15/07/2023 00:00,QLD,Wind,47288.728
15/07/2023 00:00,SA,Battery,1661.794
15/07/2023 00:00,SA,Gas,78920.421
15/07/2023 00:00,SA,Liquid Fuel,604.851
15/07/2023 00:00,SA,Solar,14146.477
15/07/2023 00:00,SA,Wind,128990.555
15/07/2023 00:00,TAS,Gas,167.673
15/07/2023 00:00,TAS,Hydro,232019.92
15/07/2023 00:00,TAS,Wind,52235.136
15/07/2023 00:00,VIC,Battery,4147.418
15/07/2023 00:00,VIC,Brown coal,685378.637
15/07/2023 00:00,VIC,Gas,20631.056
15/07/2023 00:00,VIC,Hydro,103919.491
15/07/2023 00:00,VIC,Solar,23637.618
15/07/2023 00:00,VIC,Wind,228776.871
22/07/2023 00:00,NSW,Battery,661.866
22/07/2023 00:00,NSW,Black coal,833792.392
22/07/2023 00:00,NSW,Gas,42465.811
22/07/2023 00:00,NSW,Hydro,69788.139
22/07/2023 00:00,NSW,Liquid Fuel,0
22/07/2023 00:00,NSW,Solar,86526.671
22/07/2023 00:00,NSW,Wind,71968.427
22/07/2023 00:00,QLD,Battery,1019.43
22/07/2023 00:00,QLD,Biomass,1584.533
22/07/2023 00:00,QLD,Black coal,721550.154
22/07/2023 00:00,QLD,Gas,87454.132
22/07/2023 00:00,QLD,Hydro,14665.162
22/07/2023 00:00,QLD,Liquid Fuel,0
22/07/2023 00:00,QLD,Solar,80871.037
22/07/2023 00:00,QLD,Wind,49648.864
22/07/2023 00:00,SA,Battery,1320.094
22/07/2023 00:00,SA,Gas,62152.221
22/07/2023 00:00,SA,Liquid Fuel,746.829
22/07/2023 00:00,SA,Solar,11619.52
22/07/2023 00:00,SA,Wind,109657.346
22/07/2023 00:00,TAS,Gas,0
22/07/2023 00:00,TAS,Hydro,195745.736
22/07/2023 00:00,TAS,Wind,40847.767
22/07/2023 00:00,VIC,Battery,4325.713
22/07/2023 00:00,VIC,Brown coal,588104.588
22/07/2023 00:00,VIC,Gas,17844.767
22/07/2023 00:00,VIC,Hydro,91406.268
22/07/2023 00:00,VIC,Solar,20620.041
22/07/2023 00:00,VIC,Wind,161063.279